"","","Year","","",""
"Source Country","Destination Country","2019","2020","2021","2022"
"Cambodia","Total countries [99]","1 061.85","1 188.65","1 281.07","1 431.56"
"Indonesia","Total ASEAN [00]","29 881.63","32 362.28","41 589.64","45 951.08"
"","Total countries [99]","80 727.11","88 843.91","96 614.87","104 861.70"
"","Total EU-27 [EU27]","17 428.94","20 378.02","23 296.27","27 279.38"
"","Total EU-28 [EU28]","17 530.77","","",""
"","Algeria [DZ]","52.54","64.98","",""
"","Australia [AU]","1 137.59","1 197.64","1 621.51","1 561.42"
"","Belgium [BE]","196.80","197.52","200.19","199.01"
"","Brazil [BR]","190.01","233.80","287.41","283.54"
"","Brunei Darussalam [BN]","0.19","0.19","0.85","1.51"
"","Cambodia [KH]","0.29","","",""
"","Canada [CA]","156.03","170.38","157.24","146.39"
"","Cayman Islands [KY]","3 282.30","3 444.71","3 467.11","4 690.91"
"","China [CN]","23 460.46","24 671.57","18 539.51","17 285.12"
"","Denmark [DK]","0.94","0.99","1.17","1.09"
"","Egypt [EG]","20.03","27.45","31.78","29.31"
"","France [FR]","17 117.24","19 431.33","21 945.39","25 989.60"
"","Germany [DE]","11.92","13.23","14.62","28.69"
"","Greece [GR]","","-0.05","-0.05","-0.05"
"","Hong Kong [HK]","849.68","692.83","797.66","713.04"
"","India [IN]","71.35","83.18","98.42","80.44"
"","Iraq [IQ]","","14.14","",""
"","Italy [IT]","0.83","0.87","1.03","0.96"
"","Japan [JP]","0.44","-5.66","-7.60","-0.95"
"","Korea, Republic of [KR]","-285.19","-283.22","-274.90","-277.98"
"","Libyan Arab Jamahiriya [LY]","7.86","","","10.12"
"","Luxembourg [LU]","-0.25","","-0.25","-0.25"
"","Malaysia [MY]","-139.44","-129.86","27.70","4 793.96"
"","Malta [MT]","-25.71","-24.89","-19.02","-0.84"
"","Mauritius [MU]","398.53","417.61","490.61","455.94"
"","Mexico [MX]","","13.99","10.93","7.97"
"","Netherlands [NL]","20.74","648.48","1 025.09","942.93"
"","New Zealand [NZ]","929.83","978.04","1 155.70","1 077.14"
"","Nigeria [NG]","0.42","0.65","0.75","0.69"
"","Oman [OM]","3.67","","","4.07"
"","Panama [PA]","90.22","115.03","135.93","126.69"
"","Philippines [PH]","-5.71","-0.03","4.90","20.13"
"","Poland [PL]","2.79","2.93","3.47","3.23"
"","Romania [RO]","2.78","2.91","3.44","3.20"
"","Russian Federation [RU]","","0.00","0.00","0.00"
"","Seychelles [SC]","412.61","423.06","464.35","443.63"
"","Singapore [SG]","28 830.70","31 238.41","40 077.64","39 751.96"
"","South Africa [ZA]","129.42","136.09","160.82","149.89"
"","Spain [ES]","0.00","0.00","",""
"","Sri Lanka [LK]","0.13","","",""
"","Sweden [SE]","100.87","104.70","121.21","111.80"
"","Switzerland [CH]","33.35","34.62","40.09","1.71"
"","Taiwan, Province of China [TW]","","-0.06","-0.01","-0.20"
"","Thailand [TH]","255.16","266.38","307.94","292.97"
"","Timor Leste [TL]","69.40","74.22","98.05","84.96"
"","Tunisia [TN]","7.23","","","8.02"
"","Turkey [TR]","0.13","0.14","0.16","0.15"
"","United Arab Emirates [AE]","28.53","33.15","34.10","34.09"
"","United Kingdom [GB]","101.83","112.03","703.20","626.82"
"","United states [US]","503.28","496.09","640.59","-442.06"
"","Unspecified countries [QU]","1 260.53","97.01","131.64","1 617.08"
"","Uzbekistan [UZ]","1.65","1.01","",""
"","VIET NAM [VN]","940.45","987.18","1 170.62","1 090.55"
"","Virgin Islands, British [VG]","509.13","2 867.77","2 943.63","2 911.59"
"","Yemen [YE]","-6.46","-8.63","0.27","1.69"
"Malaysia","Total ASEAN [00]","42 734.58","47 421.63","47 726.53","53 307.45"
"","Total countries [99]","121 760.87","128 241.14","131 222.72","138 375.89"
"","Total EU-27 [EU27]","5 488.14","6 079.71","9 728.94","12 528.29"
"","Total EU-28 [EU28]","12 894.05","","",""
"","Argentina [AR]","86.73","199.08","182.03","206.63"
"","Australia [AU]","3 572.11","2 718.88","705.87","503.51"
"","Belgium [BE]","89.31","81.20","85.89","87.91"
"","Bermuda [BM]","5 669.73","5 302.56","5 277.85","4 596.78"
"","Brunei Darussalam [BN]","-97.66","-97.07","-145.27","-122.26"
"","Cambodia [KH]","1 506.03","1 665.12","1 785.57","1 861.12"
"","Canada [CA]","3 160.14","4 223.14","5 368.97","6 358.69"
"","Cayman Islands [KY]","8 603.58","8 444.08","8 267.01","8 015.51"
"","China [CN]","2 384.51","2 810.86","3 034.12","3 256.10"
"","Denmark [DK]","266.30","295.58","299.57","58.06"
"","France [FR]","36.48","34.22","61.68","89.06"
"","Germany [DE]","845.12","895.33","939.37","1 070.40"
"","Hong Kong [HK]","3 825.06","3 841.43","3 356.62","3 077.99"
"","India [IN]","370.35","387.25","480.98","538.69"
"","Indonesia [ID]","11 581.41","12 039.92","12 518.82","14 446.76"
"","Ireland [IE]","260.11","469.26","627.73","590.04"
"","Isle of Man [IM]","7 295.15","6 877.90","6 864.06","6 759.87"
"","Japan [JP]","109.64","97.57","155.99","174.75"
"","Korea, Republic of [KR]","76.26","-16.80","124.88","-19.06"
"","Luxembourg [LU]","128.94","185.99","279.72","393.39"
"","Mauritius [MU]","-421.32","-174.61","-1 409.81","-1 520.04"
"","Myanmar [MM]","490.88","351.55","209.66","105.80"
"","Netherlands [NL]","2 627.43","2 827.78","6 068.68","8 849.42"
"","New Zealand [NZ]","139.93","184.11","239.28","230.20"
"","Papua New Guinea [PG]","1 076.05","1 120.94","1 120.17","1 181.06"
"","Philippines [PH]","503.82","667.03","998.71","1 385.01"
"","Saudi Arabia [SA]","100.80","116.44","137.67","143.88"
"","Singapore [SG]","23 778.67","27 332.32","26 340.14","28 885.80"
"","South Africa [ZA]","2 146.52","1 967.18","1 886.99","1 731.76"
"","Spain [ES]","101.41","106.22","88.12","75.33"
"","Sri Lanka [LK]","657.69","521.74","536.97","352.59"
"","Sweden [SE]","6.76","7.95","20.53","18.70"
"","Switzerland [CH]","463.97","557.53","398.29","425.60"
"","Taiwan, Province of China [TW]","504.61","863.62","1 058.29","1 042.18"
"","Thailand [TH]","2 589.78","2 783.22","2 948.67","3 234.51"
"","Turkey [TR]","1 543.94","1 598.08","1 523.27","1 004.06"
"","Turkmenistan [TM]","2 888.34","2 809.95","4 428.86","5 373.79"
"","United Arab Emirates [AE]","325.57","250.68","215.08","180.58"
"","United Kingdom [GB]","7 405.91","8 396.75","8 442.43","7 981.90"
"","United states [US]","4 728.07","4 512.82","4 777.63","5 076.82"
"","VIET NAM [VN]","2 213.02","2 504.10","2 915.14","3 360.17"
"","Virgin Islands, British [VG]","3 660.55","3 069.66","3 244.41","3 038.82"
"","Unspecified","14 459.17","15 410.58","14 762.09","14 274.00"
"Philippines","Total countries [99]","58 018.22","63 024.09","65 592.54","67 280.09"
"Singapore","Total ASEAN [00]","148 229.00","162 364.00","163 574.00",""
"","Total countries [99]","773 102.00","869 869.00","925 758.00","1 039 000.00"
"","Total EU-27 [EU27]","104 390.00","129 484.00","139 664.00",""
"","Total EU-28 [EU28]","152 882.00","","",""
"","Australia [AU]","43 665.00","44 985.00","45 538.00",""
"","Bermuda [BM]","24 725.00","43 018.00","40 856.00",""
"","Brazil [BR]","1 640.00","1 858.00","1 913.00",""
"","Brunei Darussalam [BN]","81.00","75.00","79.00",""
"","Cambodia [KH]","1 433.00","1 573.00","1 736.00",""
"","Canada [CA]","984.00","1 073.00","866.00",""
"","Cayman Islands [KY]","66 473.00","65 227.00","65 807.00",""
"","China [CN]","114 132.00","127 053.00","144 605.00",""
"","Germany [DE]","4 687.00","4 223.00","4 758.00",""
"","Hong Kong [HK]","43 042.00","50 850.00","55 928.00",""
"","India [IN]","46 797.00","48 704.00","55 340.00",""
"","Indonesia [ID]","49 598.00","51 084.00","52 446.00",""
"","Italy [IT]","1 761.00","1 345.00","1 368.00",""
"","Japan [JP]","17 854.00","21 295.00","27 236.00",""
"","Korea, Republic of [KR]","6 601.00","8 657.00","10 415.00",""
"","LAO PEOPLE'S DEMOCRATIC REPUBLIC [LA]","127.00","89.00","100.00",""
"","Luxembourg [LU]","38 896.00","38 757.00","41 325.00",""
"","Malaysia [MY]","41 045.00","43 223.00","41 713.00",""
"","Mauritius [MU]","17 927.00","18 239.00","19 635.00",""
"","Mexico [MX]","1 468.00","1 478.00","1 450.00",""
"","Myanmar [MM]","5 682.00","8 262.00","6 198.00",""
"","Netherlands [NL]","59 143.00","82 605.00","90 876.00",""
"","New Zealand [NZ]","3 033.00","2 956.00","3 164.00",""
"","Norway [NO]","742.00","522.00","631.00",""
"","Peru [PE]","1 590.00","2 101.00","2 095.00",""
"","Philippines [PH]","7 904.00","7 629.00","8 341.00",""
"","Sri Lanka [LK]","1 062.00","1 117.00","1 142.00",""
"","Switzerland [CH]","1 079.00","1 254.00","1 074.00",""
"","Taiwan, Province of China [TW]","4 753.00","5 943.00","6 031.00",""
"","Thailand [TH]","25 107.00","29 053.00","30 038.00",""
"","United Arab Emirates [AE]","3 011.00","2 750.00","2 476.00",""
"","United Kingdom [GB]","48 492.00","55 101.00","57 429.00",""
"","United states [US]","29 718.00","31 081.00","32 570.00",""
"","VIET NAM [VN]","17 251.00","21 375.00","22 924.00",""
"","Virgin Islands, British [VG]","36 586.00","35 766.00","37 886.00",""
"Thailand","Total ASEAN [00]","43 212.52","57 707.18","57 829.03","58 445.41"
"","Total countries [99]","145 407.33","170 462.78","176 384.34","180 228.07"
"","Total EU-27 [EU27]","16 368.28","19 838.16","23 658.98","23 742.66"
"","Total EU-28 [EU28]","23 450.34","","",""
"","Afghanistan [AF]","6.64","8.33","8.65","7.67"
"","Algeria [DZ]","645.97","704.73","704.73","704.73"
"","American Samoa [AS]","0.02","0.02","0.01","0.01"
"","Andorra [AD]","0.02","0.02","0.22","0.21"
"","Antigua and Barbuda [AG]","0.66","0.67","0.60","0.58"
"","Armenia [AM]","0.02","0.02","0.02","0.02"
"","Australia [AU]","2 614.51","2 871.74","2 890.40","3 289.63"
"","Austria [AT]","242.41","102.17","94.82","66.50"
"","Bahamas [BS]","20.81","63.83","62.73","62.40"
"","Bahrain [BH]","16.98","16.98","16.98","16.98"
"","Bangladesh [BD]","195.81","212.57","199.27","123.48"
"","Belgium [BE]","230.34","409.27","443.45","359.80"
"","Belize [BZ]","572.23","574.46","522.20","504.94"
"","Bermuda [BM]","145.91","164.18","237.22","334.61"
"","Bhutan [BT]","0.01","0.01","0.02","0.02"
"","Bouvet Island [BV]","40.49","40.49","40.49","41.89"
"","Brazil [BR]","213.54","823.23","256.08","280.60"
"","Brunei Darussalam [BN]","23.07","23.39","22.93","22.72"
"","Bulgaria [BG]","0.99","4.62","4.24","4.02"
"","Cambodia [KH]","1 713.79","1 988.85","2 085.75","2 155.72"
"","Canada [CA]","2 110.59","2 312.44","2 298.51","2 309.31"
"","Cayman Islands [KY]","5 355.06","4 719.36","4 887.19","6 564.24"
"","China [CN]","4 034.83","4 332.91","4 435.71","4 579.86"
"","Comoros [KM]","","0.42","0.41","0.46"
"","Croatia [HR]","0.07","0.07","0.06","0.06"
"","Cyprus [CY]","701.03","972.84","1 297.23","20.90"
"","Czech Republic [CZ]","0.47","0.51","0.56","0.54"
"","Denmark [DK]","41.16","81.99","81.27","96.54"
"","Ecuador [EC]","0.49","0.57","0.53","0.53"
"","Egypt [EG]","30.95","31.16","20.25","20.23"
"","Estonia [EE]","0.22","0.22","0.19","0.19"
"","Ethiopia [ET]","","","0.25","0.26"
"","Finland [FI]","54.08","63.25","64.23","59.60"
"","France [FR]","405.78","515.44","602.82","570.43"
"","Germany [DE]","1 379.85","1 785.01","1 534.60","1 572.96"
"","Ghana [GH]","1.78","2.01","2.03","2.07"
"","Gibraltar [GI]","","2.29","2.06","1.99"
"","Greece [GR]","1.16","1.20","1.19","14.13"
"","Guam [GU]","0.04","0.04","0.04","0.04"
"","Guernsey [GG]","50.60","44.75","46.26","42.65"
"","Hong Kong [HK]","25 794.78","26 086.66","26 534.53","25 113.18"
"","Hungary [HU]","15.10","463.06","25.75","14.23"
"","Iceland [IS]","5.39","17.13","26.36","27.52"
"","India [IN]","1 935.57","2 845.43","3 199.13","3 184.13"
"","Indonesia [ID]","4 059.06","10 741.24","9 806.58","7 808.64"
"","Ireland [IE]","19.96","59.94","123.92","64.41"
"","Isle of Man [IM]","15.02","15.02","14.99","20.04"
"","Israel [IL]","12.95","13.62","18.82","23.67"
"","Italy [IT]","90.78","97.45","91.08","88.91"
"","Japan [JP]","5 890.86","6 619.52","6 302.31","6 633.71"
"","Jersey [JE]","1.24","1.24","1.12","0.82"
"","Jordan [JO]","1.58","0.55","0.55",""
"","Kazakhstan [KZ]","1.86","1.87","1.76","1.73"
"","Kenya [KE]","44.73","44.73","44.67","44.67"
"","Korea, Republic of [KR]","192.35","254.33","261.22","293.69"
"","Kuwait [KW]","0.10","0.10","0.09","0.09"
"","LAO PEOPLE'S DEMOCRATIC REPUBLIC [LA]","4 294.72","4 599.52","4 940.20","5 025.08"
"","Latvia [LV]","0.16","0.16","0.16","0.16"
"","Liberia [LR]","2.41","2.75","2.75","3.26"
"","Liechtenstein [LI]","26.24","45.94","45.37","50.62"
"","Lithuania [LT]","185.73","180.66","182.16","181.87"
"","Luxembourg [LU]","1 368.22","1 435.25","1 572.62","1 806.29"
"","Macao [MO]","18.73","19.46","19.68","18.81"
"","Madagascar [MG]","2.96","3.14","2.88","4.06"
"","Malaysia [MY]","4 261.64","5 072.78","4 487.09","4 449.26"
"","Maldives [MV]","231.50","224.43","216.07","221.74"
"","Malta [MT]","0.03","0.87","1.78","1.71"
"","Marshall Islands [MH]","17.87","21.83","19.62","18.97"
"","Mauritius [MU]","7 714.25","9 246.91","9 821.88","10 900.22"
"","Mexico [MX]","342.65","387.91","391.33","394.63"
"","Monaco [MC]","0.44","1.20","1.77","1.73"
"","Mongolia [MN]","8.64","8.94","8.94","8.94"
"","MONTENEGRO [ME]","","","","0.27"
"","Morocco [MA]","0.00","0.00","0.00","0.00"
"","Mozambique [MZ]","448.88","1 638.62","1 955.73","679.79"
"","Myanmar [MM]","3 471.00","3 837.03","3 353.30","2 822.10"
"","Netherlands [NL]","11 188.66","13 148.85","16 753.85","18 047.69"
"","New Zealand [NZ]","67.11","76.93","85.61","77.70"
"","Nicaragua [NI]","0.11","0.11","0.10","0.10"
"","Nigeria [NG]","48.80","46.04","63.02","70.65"
"","Norway [NO]","10.82","10.81","10.78","10.69"
"","Oman [OM]","361.82","363.15","82.50",""
"","Pakistan [PK]","58.80","56.73","52.86","51.66"
"","Panama [PA]","15.88","16.63","17.53","12.71"
"","Peru [PE]","0.88","1.00","1.08","0.73"
"","Philippines [PH]","945.07","1 091.75","1 091.36","1 243.22"
"","Poland [PL]","149.22","177.56","306.31","247.87"
"","Portugal [PT]","40.60","33.81","41.14","40.77"
"","Qatar [QA]","0.23","0.55","7.30","12.30"
"","Romania [RO]","23.72","24.11","23.48","23.18"
"","Russian Federation [RU]","3.04","2.76","2.65","2.64"
"","Saint Kitts and Nevis [KN]","","","0.05","0.05"
"","Saudi Arabia [SA]","107.46","109.67","107.09","106.18"
"","Serbia [RS]","","","","35.00"
"","Seychelles [SC]","240.20","259.44","258.88","259.29"
"","Singapore [SG]","16 709.06","20 883.31","21 831.10","24 469.77"
"","Slovakia [SK]","0.17","0.17","0.15","0.15"
"","Slovenia [SI]","0.06","0.07","0.06","0.06"
"","South Africa [ZA]","106.86","116.49","127.21","136.72"
"","Spain [ES]","64.62","63.50","160.35","155.22"
"","Sri Lanka [LK]","491.37","485.94","446.29","443.03"
"","Sweden [SE]","163.71","216.13","251.51","304.47"
"","Switzerland [CH]","253.56","389.38","372.98","371.86"
"","Taiwan, Province of China [TW]","445.59","497.98","712.38","1 063.62"
"","Tanzania, United Republic of [TZ]","2.79","2.79","6.26","5.82"
"","Turkey [TR]","179.30","70.14","67.45","65.70"
"","Turks and Caicos Islands [TC]","","","0.98","0.98"
"","Uganda [UG]","0.00","0.00","0.00","0.00"
"","Ukraine [UA]","0.42","1.16","2.05","1.70"
"","United Arab Emirates [AE]","587.38","650.29","664.29","662.95"
"","United Kingdom [GB]","7 082.06","5 902.31","6 602.94","6 341.59"
"","United states [US]","8 019.38","8 723.15","9 137.81","10 503.95"
"","Unspecified countries [QU]","3 086.46","2 987.31","2 881.08","2 871.72"
"","Uzbekistan [UZ]","","","0.01","0.02"
"","Vanuatu [VU]","","1.16","1.64","1.58"
"","VIET NAM [VN]","7 735.11","9 469.32","10 210.72","10 448.91"
"","Virgin Islands, British [VG]","5 662.60","7 482.30","7 425.48","8 160.49"
"","Virgin Islands, US [VI]","224.57","234.66","233.61","232.87"