"","","Year","","","","","","","","","","","",""
"Host Country","Source Country","2010","2011","2012","2013","2014","2015","2016","2017","2018","2019","2020","2021","2022"
"ASEAN","Total ASEAN [00]","15 572.76","15 844.85","23 745.42","18 464.21","22 180.88","20 819.28","26 358.17","26 976.69","22 402.83","21 348.39","22 926.16","25 584.82","28 081.25"
"","Total countries [99]","108 375.70","87 785.95","116 616.78","120 965.52","130 114.52","118 667.19","113 471.90","156 845.72","147 619.45","166 056.50","119 754.33","212 943.48","225 794.05"
"","Total EU-27 [EU27]","15 650.39","14 576.77","7 166.53","10 715.92","21 877.51","17 011.59","22 751.06","13 156.32","18 884.68","260.67","9 257.21","27 898.65","24 376.33"
"","Total EU-28 [EU28]","20 848.57","24 353.99","-2 162.63","15 718.47","28 943.27","20 373.12","28 851.00","15 587.28","24 220.57","6 380.12","","",""
"","Afghanistan [AF]","0.00","0.00","0.00","0.03","0.00","2.32","12.03","-1.10","0.51","4.27","11.83","8.55","-0.15"
"","Åland Islands [AX]","0.00","0.00","0.00","0.00","0.00","0.00","0.00","0.00","0.00","0.00","0.00","0.00","0.00"
"","Albania [AL]","0.00","0.00","0.00","0.00","0.00","0.00","0.00","0.06","0.02","2.11","-1.70","0.63","0.03"
"","Algeria [DZ]","0.01","-0.01","0.01","0.01","0.00","0.02","-0.03","0.00","0.02","0.00","-0.02","-0.02","0.23"
"","American Samoa [AS]","0.00","0.00","0.00","19.09","0.01","-0.83","0.60","0.75","0.22","0.04","-0.21","-0.25","0.02"
"","Andorra [AD]","0.27","0.85","1.30","-0.09","0.16","-0.41","-0.03","0.96","-0.05","0.22","-0.01","0.00","0.16"
"","Angola [AO]","0.00","0.00","0.00","0.00","0.00","6.06","6.06","13.50","1.26","0.07","0.29","3.50","-0.22"
"","Anguilla [AI]","0.00","0.00","0.00","0.00","0.00","0.00","0.00","11.79","15.90","37.70","16.27","6.45","4.62"
"","Antartica [AQ]","0.00","0.00","0.00","0.00","0.00","0.00","0.00","0.00","0.00","0.00","0.00","0.00","0.00"
"","Antigua and Barbuda [AG]","0.01","0.00","0.00","0.00","0.00","0.00","0.06","0.10","0.05","1.41","-0.02","-0.17","-0.15"
"","Argentina [AR]","0.00","0.17","1.01","0.14","0.02","0.36","2.11","1.47","1.43","0.13","3.24","0.22","0.46"
"","Armenia [AM]","0.10","0.66","0.13","0.48","-2.46","-0.64","0.36","-0.36","2.02","1.28","-0.80","1.01","2.34"
"","Aruba [AW]","0.00","11.12","7.46","5.37","0.00","0.00","0.31","0.01","0.05","-0.01","-0.01","0.00","0.09"
"","Australia [AU]","1 792.66","4 907.37","740.14","2 165.47","4 032.08","1 407.15","960.67","-1 573.21","2 727.10","570.52","396.78","-328.19","2 028.41"
"","Austria [AT]","215.02","7.24","397.19","389.47","55.36","-170.96","46.06","395.65","209.76","1 340.22","466.56","893.01","494.71"
"","Azerbaijan [AZ]","0.00","0.00","0.00","1.14","0.65","12.37","-10.17","0.35","19.07","0.33","-0.03","0.37","-0.27"
"","Bahamas [BS]","-23.78","522.08","527.06","22.02","23.26","30.52","119.88","35.82","5.64","10.67","-13.60","76.69","-114.46"
"","Bahrain [BH]","3.05","5.29","4.17","4.26","1.80","1.60","13.25","0.66","1.00","0.94","1.07","1.13","0.57"
"","Bangladesh [BD]","0.45","1.48","11.61","1.34","0.68","2.56","0.54","7.33","6.96","8.43","7.03","-9.36","0.80"
"","Barbados [BB]","-0.07","-0.01","0.00","0.01","0.03","0.06","235.49","0.09","-0.11","-0.25","7.78","0.82","6.91"
"","Belarus [BY]","0.01","0.06","-0.01","0.07","0.01","0.03","8.46","0.00","0.01","0.18","0.22","7.91","0.82"
"","Belgium [BE]","-377.73","4 697.90","-1 960.54","275.03","504.39","584.69","290.34","-0.70","3 194.34","221.87","2 141.56","2 514.59","720.02"
"","Belize [BZ]","0.43","0.64","-1.25","0.57","3.77","2.53","14.36","15.21","5.64","5.58","19.89","3.96","2.31"
"","Benin [BJ]","0.00","0.00","0.00","0.00","0.00","0.00","0.00","0.00","-0.01","0.00","0.01","-0.02","0.00"
"","Bermuda [BM]","92.22","487.68","297.36","191.89","669.79","-156.68","-19.64","-5.63","90.66","-118.49","168.91","156.32","396.14"
"","Bhutan [BT]","0.01","0.00","0.03","0.35","0.03","0.00","0.03","0.04","0.15","0.06","-0.06","-0.03","0.01"
"","Bolivia, plurinational State of [BO]","0.00","0.00","0.00","0.00","0.00","0.00","0.00","0.01","0.01","0.01","0.00","0.00","0.00"
"","Bosnia and Herzegovina [BA]","0.00","0.00","0.00","0.00","0.00","0.00","0.00","0.33","0.82","0.29","0.07","0.14","0.50"
"","Botswana [BW]","0.00","0.00","0.00","0.01","0.00","0.00","0.00","0.04","0.05","0.03","-0.04","0.00","0.00"
"","Bouvet Island [BV]","0.58","-0.30","0.58","0.24","0.05","0.33","0.06","-9.47","0.08","0.11","0.37","-3.18","0.00"
"","Brazil [BR]","2.56","-9.94","38.24","41.43","-55.77","21.89","19.68","-6.24","80.81","7.29","-4.67","19.77","-19.16"
"","British Indian Ocean Territory [IO]","0.00","0.06","-0.01","0.00","1.65","-3.59","2.08","2.43","2.00","-0.22","2.22","-1.51","-3.79"
"","Brunei Darussalam [BN]","-40.45","156.73","844.19","225.37","-593.14","52.48","222.87","38.54","-58.66","50.02","-96.37","-13.03","9.95"
"","Bulgaria [BG]","0.32","-0.28","0.60","0.86","-0.07","0.71","0.68","1.20","2.08","0.87","0.32","0.20","0.47"
"","Burkina Faso [BF]","0.00","0.00","0.00","0.00","0.00","1.71","-0.11","0.00","0.17","0.13","0.36","0.00","0.18"
"","Burundi [BI]","0.03","0.00","-0.02","0.02","-0.01","-0.01","0.03","0.11","0.11","0.03","0.07","-0.02","0.24"
"","Cambodia [KH]","17.15","33.69","5.54","-1.62","20.40","47.14","-7.38","20.36","43.95","48.37","50.97","30.92","66.40"
"","Cameroon [CM]","0.00","0.00","0.00","0.00","0.03","-0.02","0.22","0.03","0.01","0.06","0.06","0.09","-0.02"
"","Canada [CA]","1 232.58","946.07","3 907.07","790.03","2 239.69","1 179.65","1 910.30","1 472.12","605.12","5 012.63","3 122.49","3 198.59","3 623.45"
"","Cape Verde [CV]","0.00","0.00","0.00","0.00","0.00","0.00","0.12","0.00","0.00","0.10","0.00","-0.04","0.01"
"","Cayman Islands [KY]","1 354.28","-568.03","-814.76","520.59","1 635.47","264.86","-666.28","80.37","263.39","169.26","-92.71","57.53","744.87"
"","Central African Republic [CF]","0.02","0.00","0.00","0.00","0.00","0.00","0.01","0.00","0.00","0.03","0.09","-0.04","0.00"
"","Chad [TD]","0.00","0.00","0.00","0.00","0.00","0.00","0.00","0.01","-0.01","-0.06","0.30","-0.05","-0.04"
"","Chile [CL]","0.00","0.00","0.01","0.00","0.32","0.03","0.21","0.55","0.36","0.50","0.15","0.25","0.16"
"","China [CN]","3 601.00","7 216.53","7 976.97","6 165.21","6 811.74","6 571.77","8 165.78","16 801.74","12 863.57","9 035.70","7 363.29","16 866.20","15 538.98"
"","Christmas Island [CX]","0.00","0.00","0.00","0.00","0.00","0.00","0.00","0.00","0.00","0.00","0.00","0.00","0.00"
"","Cocos (Keeling) Islands [CC]","0.00","0.00","0.00","0.00","0.00","0.00","0.00","0.00","0.00","0.00","0.00","0.00","0.00"
"","Colombia [CO]","0.02","0.00","-0.01","0.04","0.35","0.02","1.05","-0.34","0.28","0.74","1.00","0.06","1.03"
"","Comoros [KM]","0.00","0.00","0.00","0.00","0.00","0.00","0.00","0.00","0.00","0.01","0.00","0.01","-0.01"
"","Congo [CG]","0.03","0.01","0.01","0.00","0.00","0.00","0.06","0.36","0.01","0.02","-0.01","0.06","-0.06"
"","Congo, The Democratic Republic of the [CD]","0.00","0.00","0.00","0.00","0.00","0.02","0.03","0.12","0.03","0.95","-0.05","0.01","0.22"
"","Cook Islands [CK]","-3.31","-3.38","-0.27","18.31","-9.31","-21.25","-6.90","-2.24","1.20","0.38","-0.75","1.25","1.83"
"","Costa Rica [CR]","0.11","-0.05","0.00","0.05","-0.16","0.03","0.02","0.12","0.09","0.04","0.07","0.00","0.00"
"","Côte d'Ivoire [CI]","0.00","0.00","0.01","0.00","0.00","0.00","0.00","0.01","0.13","-0.08","-0.01","0.25","0.44"
"","Croatia [HR]","0.05","0.23","-0.02","0.00","0.00","0.09","0.14","0.09","0.21","0.56","0.06","-0.13","0.27"
"","Cuba [CU]","0.00","0.00","0.00","0.00","0.00","0.00","0.00","0.05","-0.09","-0.08","0.06","0.89","1.32"
"","Cyprus [CY]","2.59","21.53","194.37","48.69","11.89","5.50","0.78","-5.48","2.84","3.43","3.26","-2.78","2.60"
"","Czech Republic [CZ]","41.95","7.67","9.78","4.50","16.00","2.05","13.33","-2.79","9.55","10.23","-2.38","-16.20","24.42"
"","Denmark [DK]","1 679.35","551.05","1 057.21","-440.71","0.62","-166.00","861.84","404.32","2 815.66","533.78","-56.25","-13.41","432.13"
"","Djibouti [DJ]","0.00","0.00","0.00","-0.02","-0.01","0.00","-0.01","0.00","0.00","0.03","0.00","0.00","0.01"
"","Dominica [DM]","0.04","0.00","0.00","0.02","0.14","0.00","0.00","0.12","0.32","0.01","0.06","0.00","0.15"
"","Dominican Republic [DO]","0.03","0.05","0.10","0.00","-0.08","0.05","0.01","0.00","0.10","0.02","0.00","0.02","-1.36"
"","Ecuador [EC]","0.02","-0.01","0.00","0.00","2.12","0.05","0.07","0.05","0.02","0.08","-0.01","-0.10","0.02"
"","Egypt [EG]","0.31","0.10","0.05","0.05","0.08","0.32","0.86","1.15","0.64","-0.38","1.30","0.40","0.87"
"","El Salvador [SV]","0.00","0.00","0.00","0.00","0.01","0.00","5.17","0.00","5.47","-0.01","0.03","0.00","-0.01"
"","Equatorial Guinea [GQ]","0.00","0.00","0.01","0.01","0.00","0.00","0.00","0.00","0.00","0.04","0.04","0.02","0.00"
"","Eritrea [ER]","0.00","0.00","0.00","0.00","0.00","0.00","0.00","0.00","0.00","0.00","0.00","0.00","0.00"
"","Estonia [EE]","0.77","0.03","-0.09","0.24","0.14","-0.09","1.17","1.10","0.55","-0.43","5.21","0.39","0.07"
"","Ethiopia [ET]","0.01","-0.01","0.00","0.00","0.00","0.00","0.00","0.00","0.11","0.51","0.61","-0.02","0.05"
"","Falkland Islands (Malvinas) [FK]","0.00","0.00","0.00","0.00","0.00","0.00","0.00","0.00","0.00","0.00","0.06","0.02","0.01"
"","Faroe Islands [FO]","0.00","0.00","0.01","-0.08","0.00","0.00","0.00","0.00","0.00","0.13","0.04","0.04","0.13"
"","Fiji [FJ]","0.02","0.00","0.00","0.01","0.01","0.01","0.01","0.03","0.33","0.25","-0.01","0.01","-0.07"
"","Finland [FI]","521.25","-871.62","390.15","317.41","-63.28","158.48","222.89","698.02","466.57","920.88","583.00","299.68","-7.56"
"","France [FR]","1 635.73","4 425.97","405.70","1 038.80","1 808.49","456.20","930.30","744.91","1 849.13","1 841.55","2 714.99","2 051.54","4 742.00"
"","French Guiana [GF]","0.04","0.00","0.00","0.00","0.00","0.00","0.00","0.00","0.00","0.00","0.00","0.00","0.00"
"","French Polynesia [PF]","0.28","0.11","2.41","6.42","8.15","7.83","14.97","12.90","18.50","7.42","3.85","0.25","0.13"
"","French Southern Territories [TF]","0.00","0.00","0.00","0.00","0.00","0.00","0.00","0.00","0.00","0.00","0.00","0.00","0.00"
"","Gabon [GA]","0.03","0.00","0.07","0.28","0.00","0.00","0.23","-0.03","0.00","0.01","0.00","0.00","0.00"
"","Gambia [GM]","2.08","0.70","1.65","-1.17","4.47","-8.99","0.00","0.01","0.06","-0.05","-0.06","-0.01","-0.01"
"","Georgia [GE]","-0.18","0.00","0.12","0.04","0.09","0.18","0.02","0.81","-0.41","0.46","0.24","0.81","0.28"
"","Germany [DE]","818.60","-217.14","-653.35","-728.50","-465.84","-1 340.66","-343.41","2 933.26","1 647.75","-467.53","-5 222.41","3 417.07","3 794.83"
"","Ghana [GH]","-0.01","0.00","0.03","-0.01","0.08","-0.02","0.06","0.57","0.10","0.29","-0.13","-0.17","-0.18"
"","Gibraltar [GI]","0.27","0.25","5.98","0.19","-0.12","0.17","1.22","0.95","0.08","1.59","0.09","0.02","-0.17"
"","Greece [GR]","2.18","3.60","2.00","1.79","0.76","-61.04","48.73","-1.62","5.43","17.49","2.66","69.96","-3.89"
"","Greenland [GL]","0.05","0.00","0.00","0.00","-37.77","-14.43","0.00","0.00","2.01","2.42","-0.10","0.52","-0.03"
"","Grenada [GD]","0.00","0.00","0.00","0.00","0.00","0.00","0.00","0.16","0.00","0.01","-0.12","-0.12","0.08"
"","Guadeloupe [GP]","0.24","0.42","0.32","0.15","0.12","0.13","0.57","0.07","0.63","0.22","0.29","0.09","0.19"
"","Guam [GU]","0.05","0.06","0.07","0.13","10.11","0.41","0.18","0.38","0.20","0.30","1.37","0.02","1.22"
"","Guatemala [GT]","-0.04","0.00","0.00","0.04","0.02","1.02","0.15","0.01","0.00","0.00","0.00","0.00","0.00"
"","Guernsey [GG]","1.13","0.31","1.78","0.73","0.56","0.44","0.49","0.25","0.58","0.39","0.43","0.56","0.19"
"","Guinea [GN]","-0.26","-0.15","0.40","0.00","0.19","0.12","-0.03","0.56","0.64","-0.02","-0.60","0.28","0.25"
"","Guinea-Bissau [GW]","0.00","0.00","0.00","0.00","0.00","0.00","0.00","0.00","0.46","0.03","0.00","0.21","0.00"
"","Guyana [GY]","0.00","0.00","0.00","0.00","0.00","0.00","0.00","0.00","0.00","0.00","0.00","0.00","0.00"
"","Haiti [HT]","0.00","0.00","0.03","0.00","0.00","0.00","0.00","0.01","0.02","0.03","-0.01","0.02","0.00"
"","Heard Island and McDonald Islands [HM]","0.00","0.00","0.00","0.00","0.00","0.00","0.00","0.00","0.00","0.00","0.00","0.00","0.00"
"","Holy See (Vatican City State) [VA]","0.08","0.00","0.00","0.00","0.02","0.00","0.00","0.00","0.00","0.00","0.00","0.00","0.00"
"","Honduras [HN]","0.11","0.03","-0.05","0.11","-34.92","0.11","0.00","0.01","0.04","0.38","0.00","0.00","0.14"
"","Hong Kong [HK]","2 886.08","3 099.44","7 764.20","4 562.37","10 573.41","1 312.76","9 729.85","4 623.46","13 684.24","12 427.02","6 944.96","9 421.30","13 867.69"
"","Hungary [HU]","11.28","41.25","0.30","8.11","-27.76","-34.47","33.26","-12.74","8.49","-19.87","-1.88","11.54","68.94"
"","Iceland [IS]","2.70","-0.14","4.46","2.49","-1.10","2.38","0.29","0.87","-3.40","48.57","5.07","-4.02","-6.21"
"","India [IN]","4 391.38","-2 108.73","7 046.38","1 731.17","1 163.50","1 473.43","1 470.92","777.89","314.36","1 543.59","2 017.55","1 287.77","677.54"
"","Indonesia [ID]","1 300.45","1 891.58","6 285.14","2 314.11","1 173.45","838.13","2 143.37","2 110.57","-136.05","55.97","-1 477.68","877.80","1 259.00"
"","International organisations [I0]","","","","","","0.00","0.00","0.00","0.00","0.00","0.00","",""
"","Iran, Islamic Republic of [IR]","0.61","0.18","0.09","-0.05","0.36","0.32","0.11","0.46","2.16","0.70","-0.32","-0.45","-0.42"
"","Iraq [IQ]","0.03","0.00","-0.01","0.02","0.08","0.15","0.14","0.24","0.10","0.11","-0.03","0.13","0.32"
"","Ireland [IE]","251.62","-2 985.58","-2 613.92","264.09","5 148.72","7 725.77","9 324.76","-3 242.22","-8 599.81","4 103.16","14 716.84","-2 355.97","3 625.03"
"","Isle of Man [IM]","23.93","0.28","-11.01","0.44","-9.40","-3.27","4.56","1.28","0.51","1.05","0.95","0.96","2.67"
"","Israel [IL]","1.92","18.33","4.41","2.40","9.52","-1 194.96","50.51","-13.27","-168.57","85.79","744.04","934.49","79.96"
"","Italy [IT]","9.52","-1.83","-510.53","219.98","88.58","20.78","128.11","129.92","-61.30","-554.81","-281.63","-179.77","-148.98"
"","Jamaica [JM]","0.00","0.27","0.11","-0.07","0.00","0.03","0.00","0.62","176.19","3.43","0.03","1.77","0.00"
"","Japan [JP]","12 869.54","7 886.48","14 877.07","24 608.62","13 436.07","12 962.33","15 585.20","16 018.27","30 470.93","22 718.28","13 850.35","21 106.01","27 215.03"
"","Jersey [JE]","455.93","119.60","244.12","6.20","6.24","6.61","10.01","6.06","5.73","6.79","-112.49","175.12","55.65"
"","Jordan [JO]","0.08","1.22","0.02","0.28","0.30","22.49","27.49","7.87","327.41","16.74","-2.50","0.91","6.48"
"","Kazakhstan [KZ]","0.38","0.31","4.91","-0.50","21.10","27.21","18.68","9.66","15.79","21.19","24.55","5.80","13.65"
"","Kenya [KE]","0.82","0.13","0.03","-0.01","0.00","0.00","0.61","0.32","-0.02","0.69","27.04","15.23","0.18"
"","Kiribati [KI]","0.00","0.24","0.00","0.00","0.00","0.00","0.13","0.07","0.00","0.03","0.00","0.00","0.00"
"","Korea, Democratic People's Republic of [KP]","439.50","672.46","54.66","33.32","-16.02","-7.36","1.18","2.38","1.24","0.00","0.00","0.00","0.00"
"","Korea, Republic of [KR]","5 567.25","1 776.35","1 109.30","4 302.70","5 257.24","5 608.82","6 990.92","6 289.57","5 737.08","7 653.02","6 035.77","10 127.37","12 546.90"
"","Kuwait [KW]","111.74","-163.99","126.98","0.08","0.77","1.87","2.01","61.24","2.69","1.79","91.84","114.20","127.25"
"","Kyrgyzstan [KG]","0.12","0.00","0.56","0.00","0.01","0.58","0.11","0.37","0.50","0.99","0.06","0.14","0.73"
"","LAO PEOPLE'S DEMOCRATIC REPUBLIC [LA]","34.46","0.36","0.08","1.06","1.85","2.24","23.86","6.70","28.70","8.94","2.24","13.65","10.66"
"","Latvia [LV]","2.93","2.23","2.78","2.91","6.50","5.27","3.20","3.97","3.78","2.69","-0.37","0.31","1.35"
"","Lebanon [LB]","0.29","3.61","1.19","4.36","-0.09","1.14","0.22","0.43","0.83","0.47","-0.72","-0.60","1.93"
"","Lesotho [LS]","0.01","0.00","0.00","0.00","0.00","0.00","0.00","0.00","0.00","0.00","0.01","0.00","0.00"
"","Liberia [LR]","64.26","142.48","108.32","83.26","65.15","50.13","5.67","4.02","20.22","98.08","8.01","3.33","-1.87"
"","Libyan Arab Jamahiriya [LY]","-0.02","0.00","0.00","0.01","0.00","0.00","0.00","0.01","0.00","0.10","0.14","0.12","0.10"
"","Liechtenstein [LI]","6.80","1.22","6.76","2.26","3.55","2.66","4.61","5.68","18.82","17.50","12.23","13.19","42.76"
"","Lithuania [LT]","0.48","0.27","0.11","0.05","0.03","0.01","0.15","0.09","0.75","6.32","0.19","-0.17","1.47"
"","Luxembourg [LU]","6 742.22","3 533.00","69.29","2 786.74","13 846.28","1 032.02","7 451.83","207.43","12 575.35","-887.58","-10 198.27","4 919.08","2 274.16"
"","Macao [MO]","104.97","45.36","32.97","8.60","12.44","48.95","181.20","229.15","187.99","133.31","26.76","22.89","7.87"
"","Macedonia, The former Yugoslav Republic of  [MK]","0.00","0.00","0.00","0.03","0.00","0.00","0.00","0.21","0.00","1.84","0.00","0.00","0.22"
"","Madagascar [MG]","0.43","0.05","0.09","0.03","-0.21","-0.01","0.00","0.00","0.00","0.05","-0.05","0.00","-0.09"
"","Malawi [MW]","0.00","0.00","0.00","0.00","0.00","0.00","0.39","0.08","0.49","0.02","0.00","0.00","0.00"
"","Malaysia [MY]","3 422.77","3 370.95","3 894.92","1 385.27","1 647.11","3 743.55","4 736.35","4 405.19","3 069.06","1 504.71","4 161.58","3 545.18","3 538.20"
"","Maldives [MV]","0.20","0.13","0.02","0.12","1.03","0.02","0.04","0.56","0.88","0.77","1.07","0.04","-0.08"
"","Mali [ML]","-0.37","0.00","-0.03","0.12","0.11","-0.12","0.06","0.24","0.43","0.07","0.44","0.13","0.06"
"","Malta [MT]","-40.88","-29.10","-1.91","10.31","7.37","17.68","13.95","35.50","-26.39","-6.16","3.87","6.56","82.25"
"","Marshall Islands [MH]","0.00","0.00","0.36","0.82","0.00","6.35","24.49","39.48","3.75","8.24","9.91","2.29","21.79"
"","Martinique [MQ]","0.00","0.00","0.11","0.00","0.00","0.00","0.00","0.00","0.00","0.00","0.00","0.00","0.00"
"","Mauritania [MR]","-0.17","-1.73","0.00","0.00","-0.38","0.00","0.00","0.00","0.00","0.00","0.00","0.00","0.00"
"","Mauritius [MU]","3 106.29","740.71","-215.37","-863.39","-385.10","-199.97","-13 192.50","306.72","456.11","-1 800.02","43.22","87.05","387.10"
"","Mayotte [YT]","0.00","0.00","0.00","0.00","0.00","0.00","0.00","0.00","0.00","0.00","0.00","0.00","0.00"
"","Mexico [MX]","-6.98","-2.30","26.68","813.58","-19.65","-0.14","0.87","1.76","3.34","3.03","-1.49","-5.74","0.36"
"","Micronesia, Federated States of [FM]","0.00","0.00","0.00","0.00","0.00","0.00","1.03","0.10","0.04","0.05","0.00","0.00","0.00"
"","Moldova, Republic of [MD]","0.01","0.00","0.00","0.01","0.00","0.00","0.00","0.00","-0.02","0.15","-0.07","-0.01","-0.12"
"","Monaco [MC]","1.44","2.67","-0.04","2.47","4.02","0.73","0.31","1.55","1.32","1.10","2.18","0.19","1.41"
"","Mongolia [MN]","0.01","0.00","0.34","0.06","0.02","0.27","1.01","1.51","1.22","0.60","1.61","0.45","0.18"
"","MONTENEGRO [ME]","0.00","0.00","0.01","0.08","0.06","0.00","0.00","0.11","-0.11","0.06","0.00","0.00","0.00"
"","Montserrat [MS]","0.00","0.00","0.00","0.00","0.00","0.00","0.00","0.00","0.00","0.00","0.00","0.00","0.00"
"","Morocco [MA]","0.06","-0.01","0.09","0.16","0.30","0.05","0.08","-0.05","0.34","0.00","-0.04","1.94","0.45"
"","Mozambique [MZ]","0.00","0.00","0.00","0.00","0.00","0.00","0.00","0.00","0.01","0.00","0.00","0.07","0.00"
"","Myanmar [MM]","69.79","118.53","98.61","95.77","101.04","29.52","84.89","35.10","-74.24","-29.91","-35.66","-16.99","-14.60"
"","Namibia [NA]","0.00","0.00","0.20","0.00","0.00","0.00","0.00","0.02","0.17","0.04","0.00","0.00","0.23"
"","Nauru [NR]","0.00","0.00","0.00","0.00","0.00","0.00","0.00","0.00","0.00","0.00","0.00","0.00","0.00"
"","Nepal [NP]","0.57","-0.19","1.18","0.31","-0.11","-0.09","0.27","0.12","0.04","0.50","-0.18","-0.48","-0.75"
"","Netherlands [NL]","1 033.92","5 329.63","9 024.50","6 323.79","-483.83","8 031.35","476.81","10 421.96","3 678.14","-6 695.16","-980.36","10 598.98","6 156.31"
"","Netherlands Antilles [AN]","0.00","0.00","0.05","0.67","261.01","0.21","0.00","14.29","15.26","0.00","0.00","0.00","0.00"
"","New Caledonia [NC]","0.46","1.02","0.94","4.28","7.06","4.32","8.21","14.24","13.62","7.56","0.52","0.67","0.20"
"","New Zealand [NZ]","335.80","23.82","-943.23","269.98","496.29","-58.26","334.99","155.63","-259.67","185.20","20.67","-275.38","-27.51"
"","Nicaragua [NI]","0.00","0.00","0.00","0.00","0.00","0.00","0.00","0.00","0.21","0.02","0.00","0.03","0.00"
"","Niger [NE]","0.00","0.00","0.00","0.00","0.00","0.00","0.00","0.02","0.08","0.00","0.00","0.00","0.00"
"","Nigeria [NG]","0.05","0.00","0.78","0.22","0.39","0.07","2.00","0.89","12.20","1.79","3.83","2.93","7.21"
"","Niue [NU]","0.00","0.00","0.00","0.00","0.00","0.00","0.00","0.00","0.00","0.00","0.00","0.00","0.00"
"","Norfolk Island [NF]","0.00","0.00","0.00","0.00","0.00","0.00","0.57","-0.01","0.00","0.00","0.00","0.00","0.00"
"","Northern Mariana Islands [MP]","0.00","0.00","0.00","0.00","0.00","0.00","0.00","0.00","0.02","0.29","0.48","0.24","0.22"
"","Norway [NO]","-15.56","1 000.82","-1 649.53","-1 898.29","219.63","864.12","291.07","165.33","-1 231.44","1 123.56","-1 918.24","-900.89","-590.78"
"","Oman [OM]","0.36","-0.03","0.66","0.01","2.20","0.68","0.94","129.36","1.73","3.72","0.98","0.25","0.53"
"","Other EU [E0]","85.35","114.87","","","","","","","","","","",""
"","Pakistan [PK]","29.51","9.10","28.78","0.24","2.68","-16.79","31.63","29.88","8.26","14.41","-8.06","-15.86","1.22"
"","Palau [PW]","0.00","0.00","0.00","0.00","0.00","0.01","0.00","0.49","0.02","0.00","0.02","-0.96","0.09"
"","Palestinian Territory, Occupied  [PS]","0.02","0.00","0.00","0.00","0.00","0.00","0.06","0.03","0.01","0.09","1.07","-0.99","0.08"
"","Panama [PA]","-1 028.84","4.05","12.26","30.47","-69.27","43.16","8.00","8.95","12.92","46.78","19.65","73.01","52.05"
"","Papua New Guinea [PG]","0.01","1.62","0.00","0.00","1.37","0.00","4.33","2.89","0.79","0.91","0.30","0.13","1.56"
"","Paraguay [PY]","0.00","0.00","0.00","0.00","0.00","0.00","0.00","0.00","0.05","0.01","-0.02","0.05","0.06"
"","Peru [PE]","-13.84","0.01","0.00","0.00","0.03","0.00","0.21","0.81","-0.25","0.35","0.09","0.33","-0.01"
"","Philippines [PH]","-105.67","-556.66","869.26","-321.86","334.15","904.95","362.17","375.88","1 391.55","228.95","52.90","1 197.16","324.25"
"","Pitcairn [PN]","0.00","0.00","0.00","0.00","6.96","0.00","0.00","0.00","0.00","0.00","0.00","0.00","0.00"
"","Poland [PL]","5.54","5.19","3.91","4.87","20.90","2.88","16.06","16.18","2.47","12.64","46.08","-172.29","26.21"
"","Portugal [PT]","-3.03","7.98","-1.74","-10.82","6.37","17.43","1.48","4.44","-2.34","1.07","11.01","5.79","15.12"
"","Puerto Rico [PR]","0.19","0.00","0.00","0.00","0.01","0.01","-0.01","0.00","0.20","0.28","0.24","0.33","4.36"
"","Qatar [QA]","18.47","30.41","1.85","3.09","2.62","2.99","1.46","2.39","332.46","34.76","626.56","-3.57","112.81"
"","Réunion [RE]","0.37","0.02","0.87","0.36","0.74","0.42","0.85","0.74","0.24","0.63","0.07","0.09","0.00"
"","Romania [RO]","2.95","0.06","0.43","1.61","-0.74","-0.21","0.37","1.62","1.62","-4.23","4.05","0.18","0.68"
"","Russian Federation [RU]","54.14","10.34","190.13","607.96","-113.51","-24.44","63.41","47.75","61.50","88.08","77.96","27.17","166.22"
"","Rwanda [RW]","0.00","0.00","0.00","0.00","0.01","-0.01","0.00","0.00","-0.02","0.01","0.00","0.00","0.00"
"","Saint Barthélemy [BL]","0.00","0.00","0.00","0.00","0.00","0.00","0.36","-0.20","0.03","-0.02","0.00","0.00","0.00"
"","Saint Helena, Ascension and Tristan Da Cunha [SH]","0.00","0.00","0.00","-0.04","0.00","0.00","0.00","0.00","0.04","0.00","0.00","0.00","0.04"
"","Saint Kitts and Nevis [KN]","0.00","0.00","0.00","0.00","0.00","0.00","0.00","0.12","0.34","0.08","0.84","-0.03","0.24"
"","Saint Lucia [LC]","0.02","0.00","0.00","0.00","0.02","0.04","0.00","0.00","-0.01","0.03","-0.04","0.00","-0.03"
"","Saint Martin [MF]","0.00","0.00","0.00","0.00","0.00","0.00","0.00","0.00","0.00","0.00","0.00","0.00","0.00"
"","Saint Pierre et Miquelon [PM]","0.00","0.00","0.00","-0.01","0.00","0.00","0.00","0.00","0.00","0.00","0.00","0.00","0.00"
"","Saint Vincent and the Grenadines [VC]","0.01","0.00","0.00","0.01","0.13","0.00","1.01","4.06","0.07","0.55","0.00","0.00","0.29"
"","Samoa [WS]","13.98","319.59","434.42","25.64","132.39","756.54","326.72","227.32","213.82","382.62","102.98","143.97","210.98"
"","San Marino [SM]","0.13","0.05","0.00","0.00","-1.83","2.85","2.10","0.58","0.05","1.43","-2.77","0.00","0.00"
"","Sao Tome and Principe [ST]","0.00","0.00","0.00","0.00","0.00","0.00","0.00","0.00","0.00","0.00","0.00","0.00","0.00"
"","Saudi Arabia [SA]","295.57","6.54","14.98","0.71","-0.14","4.44","9.70","5.04","4.44","3.49","10.09","14.49","84.08"
"","Senegal [SN]","0.00","0.00","0.00","0.00","0.00","0.00","0.04","0.01","-0.04","-0.04","-0.05","0.00","0.11"
"","Serbia [RS]","0.02","0.05","0.13","0.26","0.01","0.00","0.18","0.78","0.09","0.18","0.46","-0.10","-0.07"
"","Seychelles [SC]","836.26","1 114.94","1 468.49","1 305.81","984.55","832.56","154.47","124.87","150.02","168.41","165.77","79.81","64.59"
"","Sierra Leone [SL]","0.00","0.00","4.20","0.00","0.00","0.00","0.01","0.00","0.04","0.00","0.00","2.60","0.01"
"","Singapore [SG]","9 017.82","12 727.35","9 688.59","13 267.93","15 721.23","13 702.22","15 465.69","17 486.61","15 920.80","15 733.52","12 911.06","16 398.76","18 027.81"
"","Slovakia [SK]","5.79","2.18","45.68","0.56","0.08","0.57","0.88","7.17","2.39","5.49","0.37","0.10","3.40"
"","Slovenia [SI]","0.30","0.21","1.09","0.05","-0.46","0.21","0.50","2.39","-0.35","1.60","0.56","-1.12","0.18"
"","Solomon Islands [SB]","0.00","0.00","0.00","0.00","0.00","0.00","0.08","0.03","0.02","0.02","0.01","0.01","0.06"
"","Somalia [SO]","0.01","0.00","0.00","0.00","0.00","0.00","0.00","0.00","0.26","0.02","0.00","0.00","0.00"
"","South Africa [ZA]","-12.23","9.34","-60.60","16.52","11.16","8.56","0.12","2.48","1.84","6.10","16.10","20.43","71.22"
"","South Georgia and the South Sandwich Islands [GS]","0.00","0.00","0.34","0.00","0.00","0.00","0.00","0.00","0.00","0.01","0.00","0.00","-0.33"
"","Spain [ES]","259.21","-54.27","-426.24","281.94","257.89","-27.11","1 250.52","161.29","180.83","31.53","59.92","-44.99","-69.54"
"","Sri Lanka [LK]","0.43","1.24","1.87","1.95","7.32","47.56","26.27","56.55","58.16","74.35","80.50","51.71","3.89"
"","Sudan [SD]","0.00","0.00","0.00","0.00","0.00","0.00","0.06","0.12","0.28","0.07","1.25","-0.02","0.15"
"","Suriname [SR]","0.00","0.00","0.00","0.00","0.00","0.00","0.00","0.00","0.04","0.00","0.00","0.00","0.00"
"","Svalbard and Jan Mayen [SJ]","0.00","0.00","0.00","0.00","0.00","0.00","0.09","0.00","0.00","0.00","0.00","0.00","0.00"
"","Swaziland [SZ]","0.00","0.00","0.00","-0.08","3.10","-0.40","25.17","16.99","25.82","-10.50","-0.93","0.32","-8.86"
"","Sweden [SE]","168.35","-512.24","611.47","-42.11","379.23","-12.96","3.83","205.95","72.17","115.97","85.45","1 453.31","1 331.08"
"","Switzerland [CH]","648.78","-2 894.55","4 886.48","2 462.79","-1 577.47","1 923.05","-3 917.64","2 604.90","2 111.53","3 722.54","-1 530.68","13 196.87","3 968.28"
"","Syrian Arab Republic [SY]","0.08","0.57","0.04","0.33","-0.11","-0.56","0.05","0.01","1.99","-0.12","0.13","-0.16","0.31"
"","Taiwan, Province of China [TW]","1 264.60","1 921.81","2 485.10","1 303.95","2 347.72","2 543.95","3 569.06","1 683.65","2 369.86","2 789.54","5 545.23","6 979.58","6 891.86"
"","Tajikistan [TJ]","0.00","0.00","0.00","0.00","0.00","0.00","0.00","0.01","0.05","0.03","-0.03","0.02","0.02"
"","Tanzania, United Republic of [TZ]","0.01","0.00","0.00","0.00","0.37","0.06","0.00","0.01","2.22","3.82","0.09","0.02","0.01"
"","Thailand [TH]","1 418.15","-2 211.94","1 465.48","1 022.15","3 598.46","1 084.66","3 143.16","2 053.74","1 736.76","3 189.45","6 474.29","2 820.83","4 459.24"
"","Timor Leste [TL]","0.01","0.00","1.25","0.12","0.22","-1.00","0.02","0.00","-0.30","-0.11","0.00","0.00","0.00"
"","Togo [TG]","0.00","0.00","0.00","0.00","0.00","0.00","0.00","0.02","-0.02","0.00","0.00","0.00","0.00"
"","Tokelau [TK]","0.00","0.00","0.07","0.00","0.00","0.00","0.22","0.00","0.01","0.00","0.00","0.00","0.02"
"","Tonga [TO]","0.00","0.00","0.00","0.00","0.00","0.00","0.00","0.00","1.21","1.81","-1.10","1.56","1.13"
"","Trinidad and Tobago [TT]","0.00","0.00","0.00","0.00","0.00","0.00","0.01","33.09","21.54","0.07","-0.04","-0.07","-0.12"
"","Tunisia [TN]","162.96","223.51","286.99","254.32","180.92","132.52","0.00","0.00","0.09","-0.03","0.04","-0.01","-0.10"
"","Turkey [TR]","9.44","15.05","268.31","17.13","46.12","443.08","45.98","22.61","44.59","34.66","15.89","80.29","55.33"
"","Turkmenistan [TM]","0.00","0.00","0.00","0.00","0.00","0.00","0.00","0.07","0.06","0.07","-0.01","0.00","0.00"
"","Turks and Caicos Islands [TC]","0.06","0.09","0.08","0.07","0.37","0.08","0.37","0.09","0.08","0.15","0.04","0.07","0.32"
"","Tuvalu [TV]","0.00","0.00","0.00","0.00","0.00","0.00","0.00","0.00","0.00","0.01","0.00","0.00","0.00"
"","Uganda [UG]","0.01","0.00","0.11","0.22","0.27","0.02","0.01","0.23","0.27","0.55","0.35","0.12","0.06"
"","Ukraine [UA]","0.05","-0.06","2.33","0.15","-0.15","0.41","15.48","3.31","1.92","2.36","5.37","4.55","7.68"
"","United Arab Emirates [AE]","164.83","1 625.28","592.16","263.69","-13.54","-77.14","-143.89","7.59","-76.41","27.49","122.34","260.59","188.12"
"","United Kingdom [GB]","5 198.18","9 777.22","-9 329.15","5 002.54","7 065.76","3 361.53","6 099.94","2 430.96","5 335.89","6 119.45","-1 846.14","-3 004.96","9 800.87"
"","United States  Minor Outlying islands [UM]","0.00","0.00","0.00","0.00","0.00","0.00","1.96","0.00","2.95","0.25","0.00","0.00","0.00"
"","United states [US]","15 364.06","8 136.26","19 120.47","11 457.92","21 141.27","22 912.47","13 415.92","29 134.87","-28 286.97","42 891.79","24 070.21","35 520.74","36 918.08"
"","Unspecified countries [QU]","17 285.81","10 623.57","23 888.37","24 641.23","8 957.39","16 563.80","13 690.42","34 042.55","57 467.30","27 667.53","25 350.54","47 066.73","38 023.33"
"","Uruguay [UY]","0.01","0.00","0.00","0.00","0.00","0.00","0.19","2.03","0.89","-0.21","0.22","0.34","12.78"
"","Uzbekistan [UZ]","0.04","0.29","0.00","0.08","0.15","0.15","0.09","0.01","0.12","-0.11","2.66","0.32","2.69"
"","Vanuatu [VU]","0.12","0.26","0.00","0.00","0.19","0.23","0.06","0.01","2.78","1.49","1.83","8.29","-0.03"
"","Venezuela (Bolivarian Republic of) [VE]","0.00","0.00","0.02","0.01","0.01","0.02","0.47","0.15","0.62","0.03","0.44","-0.09","0.11"
"","VIET NAM [VN]","411.19","290.17","444.77","338.52","304.04","399.29","147.29","410.60","431.25","488.17","767.02","548.75","352.03"
"","Virgin Islands, British [VG]","1 067.77","205.35","1 070.61","420.85","1 141.82","1 902.14","584.79","566.43","803.82","1 072.42","1 144.97","1 349.37","885.31"
"","Virgin Islands, US [VI]","0.02","0.00","-2.04","0.00","11.77","7.11","-2.58","1.35","8.45","8.25","12.57","14.87","12.54"
"","Wallis and Futuna [WF]","0.00","0.00","0.00","0.00","0.00","0.00","0.00","0.00","0.00","0.00","0.00","0.00","0.00"
"","Western Sahara [EH]","0.00","0.00","0.00","0.00","0.00","0.00","0.00","0.00","0.00","0.00","0.00","0.00","0.00"
"","Yemen [YE]","0.16","0.00","0.04","0.03","-0.01","0.89","0.03","0.02","0.21","0.52","-0.15","0.97","0.48"
"","Zambia [ZM]","0.00","0.00","0.00","0.00","0.00","0.04","0.89","0.04","0.08","0.20","-0.02","-0.01","-0.08"
"","Zimbabwe [ZW]","0.03","0.00","0.00","0.00","0.00","0.00","0.00","0.00","0.00","0.00","0.00","0.02","0.00"